,name,team,result,comp,att,yds,td,inter,sack,fum,rat,week
0,Josh Allen,BUF,W 41-40  vs. BAL,33,46,394,2,0,1,0,112.0,1
1,Geno Smith,LV,W 20-13  at NE,24,34,362,1,1,4,0,102.8,1
2,Justin Herbert,LAC,W 27-21  vs. KC,25,34,318,3,0,3,0,131.7,1
3,Michael Penix Jr.,ATL,L 23-20  vs. TB,27,42,298,1,0,1,0,93.2,1
4,Joe Flacco,CLE,L 17-16  vs. CIN,31,45,290,1,2,2,0,75.2,1
5,Drake Maye,NE,L 20-13  vs. LV,30,46,287,1,1,4,0,80.6,1
6,Brock Purdy,SF,W 17-13  at SEA,26,35,277,2,2,1,0,92.2,1
7,Daniel Jones,IND,W 33-8  vs. MIA,22,29,272,1,0,1,0,115.9,1
8,Patrick Mahomes,KC,L 27-21  at LAC,24,39,258,1,0,2,0,89.5,1
9,Matthew Stafford,LAR,W 14-9  vs. HOU,21,29,245,1,0,3,0,109.1,1
10,Aaron Rodgers,PIT,W 34-32  at NYJ,22,30,244,4,0,4,0,136.7,1
11,Jayden Daniels,WSH,W 21-6  vs. NYG,19,30,233,1,0,3,0,98.3,1
12,Jared Goff,DET,L 27-13  at GB,31,39,225,1,1,4,0,88.6,1
13,Justin Fields,NYJ,L 34-32  vs. PIT,16,22,218,1,0,1,0,119.1,1
14,Spencer Rattler,NO,L 20-13  vs. ARI,27,46,214,0,0,1,0,70.4,1
15,Caleb Williams,CHI,L 27-24  vs. MIN,21,35,210,1,0,2,0,86.6,1
16,Lamar Jackson,BAL,L 41-40  at BUF,14,19,209,2,0,2,0,144.4,1
17,Jordan Love,GB,W 27-13  vs. DET,16,22,188,2,0,0,0,128.6,1
18,C.J. Stroud,HOU,L 14-9  at LAR,19,27,188,0,1,3,0,74.3,1
19,Dak Prescott,DAL,L 24-20  at PHI,21,34,188,0,0,0,0,76.6,1
20,Trevor Lawrence,JAX,W 26-10  vs. CAR,19,31,178,1,1,0,0,74.4,1
21,Bo Nix,DEN,W 20-12  vs. TEN,25,40,176,1,2,1,1,60.0,1
22,Russell Wilson,NYG,L 21-6  at WSH,17,37,168,0,0,2,0,59.3,1
23,Baker Mayfield,TB,W 23-20  at ATL,17,32,167,3,0,1,0,99.4,1
24,Kyler Murray,ARI,W 20-13  at NO,21,29,163,2,0,5,0,108.8,1
25,Bryce Young,CAR,L 26-10  at JAX,18,35,154,1,2,1,1,49.0,1
26,Jalen Hurts,PHI,W 24-20  vs. DAL,19,23,152,0,0,1,0,94.2,1
27,Sam Darnold,SEA,L 17-13  vs. SF,16,23,150,0,0,1,1,87.2,1
28,J.J. McCarthy,MIN,W 27-24  at CHI,13,20,143,2,1,3,0,98.5,1
29,Tua Tagovailoa,MIA,L 33-8  at IND,14,23,114,1,2,3,1,51.7,1
30,Russell Wilson,NYG,L 40-37  at DAL,30,41,450,3,1,3,0,123.0,2
31,Dak Prescott,DAL,W 40-37  vs. NYG,38,52,361,2,1,3,0,96.7,2
32,Jared Goff,DET,W 52-21  vs. CHI,23,28,334,5,0,0,0,156.0,2
33,Bryce Young,CAR,L 27-22  at ARI,35,55,328,3,1,3,1,90.6,2
34,Daniel Jones,IND,W 29-28  vs. DEN,23,34,316,1,0,1,0,107.0,2
35,Tua Tagovailoa,MIA,L 33-27  vs. NE,26,32,315,2,1,5,0,115.5,2
36,Matthew Stafford,LAR,W 33-19  at TEN,23,33,298,2,1,1,0,105.4,2
37,Sam Darnold,SEA,W 31-17  at PIT,22,33,295,2,2,2,0,89.8,2
38,Jordan Love,GB,W 27-18  vs. WSH,19,31,292,2,0,2,0,113.9,2
39,Mac Jones,SF,W 26-21  at NO,26,39,279,3,0,3,1,113.1,2
40,Trevor Lawrence,JAX,L 31-27  at CIN,24,42,271,3,2,1,0,80.6,2
41,Justin Herbert,LAC,W 20-9  at LV,19,27,242,2,0,2,1,122.8,2
42,Jake Browning,CIN,W 31-27  vs. JAX,21,32,241,2,3,1,0,69.9,2
43,Drake Maye,NE,W 33-27  at MIA,19,23,230,2,0,3,0,137.3,2
44,Lamar Jackson,BAL,W 41-17  vs. CLE,19,29,225,4,0,3,0,128.6,2
45,Kyler Murray,ARI,W 27-22  vs. CAR,17,25,220,1,1,1,0,92.1,2
46,Baker Mayfield,TB,W 20-19  at HOU,25,38,215,2,0,4,0,98.0,2
47,C.J. Stroud,HOU,L 20-19  vs. TB,13,24,207,1,0,3,0,97.1,2
48,Caleb Williams,CHI,L 52-21  at DET,19,30,207,2,1,4,0,92.0,2
49,Spencer Rattler,NO,L 26-21  vs. SF,25,34,207,3,0,3,0,118.1,2
50,Bo Nix,DEN,L 29-28  at IND,22,30,206,3,1,0,0,111.3,2
51,Aaron Rodgers,PIT,L 31-17  vs. SEA,18,33,203,1,2,3,0,58.0,2
52,Jayden Daniels,WSH,L 27-18  at GB,24,42,200,2,0,4,0,85.4,2
53,Joe Flacco,CLE,L 41-17  at BAL,25,45,199,1,1,2,1,65.0,2
54,Patrick Mahomes,KC,L 20-17  vs. PHI,16,29,187,1,1,2,0,72.0,2
55,Geno Smith,LV,L 20-9  vs. LAC,24,43,180,0,3,3,0,37.0,2
56,Cam Ward,TEN,L 33-19  vs. LAR,19,33,175,1,0,5,1,82.3,2
57,J.J. McCarthy,MIN,L 22-6  vs. ATL,11,21,158,0,2,6,1,37.5,2
58,Josh Allen,BUF,W 30-10  at NYJ,14,25,148,0,0,1,0,73.4,2
59,Michael Penix Jr.,ATL,W 22-6  at MIN,13,21,135,0,0,3,0,80.5,2
60,Justin Herbert,LAC,W 23-20  vs. DEN,28,47,300,1,1,5,0,76.5,3
61,Caleb Williams,CHI,W 31-14  vs. DAL,19,28,298,4,0,0,0,142.6,3
62,Geno Smith,LV,L 41-24  at WSH,19,29,289,3,0,5,0,132.7,3
63,Lamar Jackson,BAL,L 38-30  vs. DET,21,27,288,3,0,7,0,148.1,3
64,Mac Jones,SF,W 16-15  vs. ARI,27,41,284,1,1,1,0,83.8,3
65,Drake Maye,NE,L 21-14  vs. PIT,28,37,268,2,1,5,1,102.1,3
66,Dak Prescott,DAL,L 31-14  at CHI,31,40,251,1,2,2,0,80.3,3
67,Baker Mayfield,TB,W 29-27  vs. NYJ,19,29,233,1,0,1,0,101.7,3
68,Daniel Jones,IND,W 41-20  at TEN,18,25,228,1,0,0,0,113.4,3
69,Jalen Hurts,PHI,W 33-26  vs. LAR,21,32,226,3,0,4,1,117.5,3
70,Patrick Mahomes,KC,W 22-9  at NYG,22,37,224,1,0,2,0,85.9,3
71,Trevor Lawrence,JAX,W 17-10  vs. HOU,20,40,222,0,1,2,0,56.5,3
72,Cam Ward,TEN,L 41-20  vs. IND,23,38,219,1,1,4,0,74.4,3
73,Sam Darnold,SEA,W 44-13  vs. NO,14,18,218,2,0,0,0,154.2,3
74,Spencer Rattler,NO,L 44-13  at SEA,28,39,218,1,1,2,0,83.1,3
75,Josh Allen,BUF,W 31-21  vs. MIA,22,28,213,3,0,2,0,134.1,3
76,Marcus Mariota,WSH,W 41-24  vs. LV,15,21,207,1,0,1,1,118.6,3
77,C.J. Stroud,HOU,L 17-10  at JAX,25,38,204,1,2,2,0,66.1,3
78,Jared Goff,DET,W 38-30  at BAL,20,28,202,1,0,0,0,103.6,3
79,Tyrod Taylor,NYJ,L 29-27  at TB,26,36,197,2,1,4,1,92.0,3
80,Matthew Stafford,LAR,L 33-26  at PHI,19,33,196,2,1,1,0,82.4,3
81,Jordan Love,GB,L 13-10  at CLE,18,25,183,1,1,5,0,89.3,3
82,Carson Wentz,MIN,W 48-10  vs. CIN,14,20,173,2,0,3,0,129.8,3
83,Michael Penix Jr.,ATL,L 30-0  at CAR,18,36,172,0,2,0,0,40.5,3
84,Russell Wilson,NYG,L 22-9  vs. KC,18,32,160,0,2,2,0,43.8,3
85,Kyler Murray,ARI,L 16-15  at SF,22,35,159,1,0,1,0,82.9,3
86,Bo Nix,DEN,L 23-20  at LAC,14,25,153,1,0,2,0,87.6,3
87,Tua Tagovailoa,MIA,L 31-21  at BUF,22,34,146,2,1,0,0,81.3,3
88,Joe Flacco,CLE,W 13-10  vs. GB,21,36,142,0,1,2,0,55.5,3
89,Jake Browning,CIN,L 48-10  at MIN,19,27,140,1,2,3,0,63.8,3
90,Matthew Stafford,LAR,W 27-20  vs. IND,29,41,375,3,0,3,0,123.5,4
91,Carson Wentz,MIN,L 24-21  at PIT,30,46,350,2,2,6,0,84.5,4
92,Jordan Love,GB,T 40-40  at DAL,31,43,337,3,0,1,1,118.1,4
93,Bo Nix,DEN,W 28-3  vs. CIN,29,42,326,2,1,0,0,97.9,4
94,Dak Prescott,DAL,T 40-40  vs. GB,31,40,319,3,0,1,0,124.9,4
95,Michael Penix Jr.,ATL,W 34-27  vs. WSH,20,26,313,2,1,1,0,125.9,4
96,Brock Purdy,SF,L 26-21  vs. JAX,22,38,309,2,2,1,1,79.8,4
97,Baker Mayfield,TB,L 31-25  vs. PHI,22,40,289,2,1,2,0,84.3,4
98,Patrick Mahomes,KC,W 37-20  vs. BAL,25,37,270,4,0,1,0,124.8,4
99,Daniel Jones,IND,L 27-20  at LAR,24,33,262,1,2,2,0,80.6,4
100,Sam Darnold,SEA,W 23-20  at ARI,18,26,242,1,0,3,0,111.4,4
101,C.J. Stroud,HOU,W 26-0  vs. TEN,22,28,233,2,0,2,0,125.1,4
102,Justin Fields,NYJ,L 27-21  at MIA,20,27,226,1,0,2,1,111.0,4
103,Caleb Williams,CHI,W 25-24  at LV,22,37,212,1,1,1,0,73.3,4
104,Josh Allen,BUF,W 31-19  vs. NO,16,22,209,2,1,3,0,113.6,4
105,Drake Maye,NE,W 42-13  vs. CAR,14,17,203,2,0,1,0,155.6,4
106,Justin Herbert,LAC,L 21-18  at NYG,23,41,203,1,2,2,0,57.3,4
107,Aaron Rodgers,PIT,W 24-21  vs. MIN,18,22,200,1,0,2,0,119.7,4
108,Kyler Murray,ARI,L 23-20  vs. SEA,27,41,200,2,2,6,0,73.2,4
109,Joe Flacco,CLE,L 34-10  at DET,16,34,184,0,2,3,1,39.4,4
110,Tua Tagovailoa,MIA,W 27-21  vs. NYJ,17,25,177,2,0,0,0,114.9,4
111,Trevor Lawrence,JAX,W 26-21  at SF,21,31,174,1,0,0,0,92.7,4
112,Jared Goff,DET,W 34-10  vs. CLE,16,27,168,2,1,0,0,86.7,4
113,Marcus Mariota,WSH,L 34-27  at ATL,16,27,156,2,1,2,0,84.8,4
114,Bryce Young,CAR,L 42-13  at NE,18,30,150,1,0,1,0,84.0,4
115,Lamar Jackson,BAL,L 37-20  at KC,14,20,147,1,1,3,1,86.9,4
116,Jalen Hurts,PHI,W 31-25  at TB,15,24,130,2,0,2,0,104.5,4
117,Spencer Rattler,NO,L 31-19  at BUF,18,27,126,1,0,3,0,89.4,4
118,Jake Browning,CIN,L 28-3  at DEN,14,25,125,0,0,3,0,69.6,4
119,Geno Smith,LV,L 25-24  vs. CHI,14,21,117,2,3,0,0,73.0,4
120,Matthew Stafford,LAR,L 26-23  vs. SF,30,47,389,3,0,1,1,111.0,5
121,Baker Mayfield,TB,W 38-35  at SEA,29,33,379,2,0,1,0,134.7,5
122,Mac Jones,SF,W 26-23  at LAR,33,49,342,2,0,1,0,100.9,5
123,Sam Darnold,SEA,L 38-35  vs. TB,28,34,341,4,1,0,0,135.4,5
124,Patrick Mahomes,KC,L 31-28  at JAX,29,41,318,1,1,0,0,91.3,5
125,Justin Fields,NYJ,L 37-22  vs. DAL,32,46,283,2,0,5,0,100.2,5
126,Jalen Hurts,PHI,L 21-17  vs. DEN,23,38,280,2,0,6,0,100.8,5
127,Drake Maye,NE,W 23-20  at BUF,22,30,273,0,0,4,0,101.1,5
128,Cam Ward,TEN,W 22-21  at ARI,21,39,265,0,1,2,0,64.6,5
129,Jared Goff,DET,W 37-24  at CIN,19,23,258,3,0,4,1,153.0,5
130,Tua Tagovailoa,MIA,L 27-24  at CAR,27,36,256,3,0,3,0,122.0,5
131,Josh Allen,BUF,L 23-20  vs. NE,22,31,253,2,1,1,1,103.3,5
132,Jake Browning,CIN,L 37-24  vs. DET,26,40,251,3,3,2,0,76.1,5
133,C.J. Stroud,HOU,W 44-10  at BAL,23,27,244,4,0,2,0,143.9,5
134,Bo Nix,DEN,W 21-17  at PHI,24,39,242,1,0,2,0,87.8,5
135,Dak Prescott,DAL,W 37-22  at NYJ,18,29,237,4,0,1,0,127.4,5
136,Carson Wentz,MIN,W 21-17  at CLE,25,34,236,1,0,3,0,102.1,5
137,Jayden Daniels,WSH,W 27-10  at LAC,15,26,231,1,0,1,0,100.0,5
138,Geno Smith,LV,L 40-6  at IND,25,36,228,0,2,4,0,63.2,5
139,Spencer Rattler,NO,W 26-14  vs. NYG,21,31,225,1,0,0,0,99.6,5
140,Trevor Lawrence,JAX,W 31-28  vs. KC,18,25,221,1,1,3,1,95.6,5
141,Kyler Murray,ARI,L 22-21  vs. TEN,23,31,220,0,0,3,1,93.5,5
142,Daniel Jones,IND,W 40-6  vs. LV,20,29,212,2,0,0,0,113.0,5
143,Jaxson Dart,NYG,L 26-14  at NO,26,40,202,2,2,1,1,73.1,5
144,Bryce Young,CAR,W 27-24  vs. MIA,19,30,198,2,1,3,1,90.7,5
145,Dillon Gabriel,CLE,L 21-17  vs. MIN,19,33,190,2,0,2,0,94.3,5
146,Cooper Rush,BAL,L 44-10  vs. HOU,14,20,179,0,3,1,0,58.1,5
147,Justin Herbert,LAC,L 27-10  vs. WSH,22,29,166,1,1,4,0,86.3,5
148,Trey Lance,LAC,L 27-10  vs. WSH,3,4,44,0,0,1,0,110.4,5
149,Cam Akers,MIN,W 21-17  at CLE,1,1,32,1,0,0,0,158.3,5
150,Mac Jones,SF,L 30-19  at TB,27,39,347,0,2,6,0,75.5,6
151,Jacoby Brissett,ARI,L 31-27  at IND,27,44,320,2,1,2,0,89.2,6
152,Sam Darnold,SEA,W 20-12  at JAX,16,27,295,2,0,1,0,121.7,6
153,Jalen Hurts,PHI,L 34-17  at NYG,24,33,283,1,1,3,0,95.9,6
154,Justin Herbert,LAC,W 29-27  at MIA,29,38,264,2,0,1,0,112.2,6
155,Drake Maye,NE,W 25-19  at NO,18,26,261,3,0,1,0,140.1,6
156,Dak Prescott,DAL,L 30-27  at CAR,25,34,261,3,0,0,0,124.8,6
157,Jordan Love,GB,W 27-18  vs. CIN,19,26,259,1,1,1,0,101.3,6
158,Trevor Lawrence,JAX,L 20-12  vs. SEA,27,42,258,2,0,7,0,97.1,6
159,Patrick Mahomes,KC,W 30-17  vs. DET,22,30,257,3,0,3,0,132.2,6
160,Baker Mayfield,TB,W 30-19  vs. SF,17,23,256,2,0,1,0,139.0,6
161,Caleb Williams,CHI,W 25-24  at WSH,17,29,252,1,0,3,0,98.6,6
162,Michael Penix Jr.,ATL,W 24-14  vs. BUF,20,32,250,1,0,2,0,97.1,6
163,Aaron Rodgers,PIT,W 23-9  vs. CLE,21,30,235,2,0,0,0,115.3,6
164,Spencer Rattler,NO,L 25-19  vs. NE,20,26,227,0,0,2,0,102.6,6
165,Cam Ward,TEN,L 20-10  at LV,26,38,222,1,1,6,2,81.3,6
166,Dillon Gabriel,CLE,L 23-9  at PIT,29,52,221,0,0,6,0,66.3,6
167,Joe Flacco,CIN,L 27-18  at GB,29,45,219,2,0,1,0,90.9,6
168,Daniel Jones,IND,W 31-27  vs. ARI,22,30,212,2,1,1,0,101.0,6
169,Jayden Daniels,WSH,L 25-24  vs. CHI,19,26,211,3,1,3,1,119.2,6
170,Tua Tagovailoa,MIA,L 29-27  vs. LAC,21,32,205,1,3,2,0,54.8,6
171,Jared Goff,DET,L 30-17  at KC,23,29,203,2,0,1,0,118.8,6
172,Bryce Young,CAR,W 30-27  vs. DAL,17,25,199,3,1,1,0,114.8,6
173,Jaxson Dart,NYG,W 34-17  vs. PHI,17,25,195,1,0,2,0,104.6,6
174,Matthew Stafford,LAR,W 17-3  at BAL,17,26,181,1,0,2,1,98.4,6
175,Josh Allen,BUF,L 24-14  at ATL,15,26,180,2,2,4,0,72.6,6
176,Geno Smith,LV,W 20-10  vs. TEN,17,23,174,1,1,2,0,91.6,6
177,Bo Nix,DEN,W 13-11  at NYJ,19,30,174,1,0,1,0,90.1,6
178,Cooper Rush,BAL,L 17-3  vs. LAR,11,19,72,0,1,0,1,44.2,6
179,Tyler Huntley,BAL,L 17-3  vs. LAR,10,15,68,0,0,4,0,76.5,6
180,Justin Herbert,LAC,L 38-24  vs. IND,37,55,420,3,2,3,0,93.0,7
181,Joe Flacco,CIN,W 33-31  vs. PIT,31,47,342,3,0,2,0,108.6,7
182,Jalen Hurts,PHI,W 28-22  at MIN,19,23,326,3,0,3,0,158.3,7
183,Carson Wentz,MIN,L 28-22  vs. PHI,26,42,313,0,2,2,0,64.9,7
184,Trevor Lawrence,JAX,L 35-7  vs. LAR,23,48,296,1,0,7,0,74.7,7
185,Daniel Jones,IND,W 38-24  at LAC,23,34,288,2,0,1,0,113.4,7
186,Patrick Mahomes,KC,W 31-0  vs. LV,26,35,286,3,0,1,0,126.6,7
187,Jaxson Dart,NYG,L 33-32  at DEN,15,33,283,3,1,4,0,93.4,7
188,Jacoby Brissett,ARI,L 27-23  vs. GB,25,36,279,2,0,6,1,110.8,7
189,Bo Nix,DEN,W 33-32  vs. NYG,27,50,279,2,0,2,0,83.7,7
190,Dak Prescott,DAL,W 44-22  vs. WSH,21,30,264,3,0,1,0,130.4,7
191,Cam Ward,TEN,L 31-13  vs. NE,25,34,255,1,1,5,1,92.2,7
192,Aaron Rodgers,PIT,L 33-31  at CIN,23,34,249,4,2,0,0,103.7,7
193,Jared Goff,DET,W 24-9  vs. TB,20,29,241,1,1,4,1,91.3,7
194,Michael Penix Jr.,ATL,L 20-10  at SF,21,38,241,1,0,2,1,83.3,7
195,Spencer Rattler,NO,L 26-14  at CHI,20,32,233,2,3,4,1,66.3,7
196,C.J. Stroud,HOU,L 27-19  at SEA,23,49,229,1,1,3,0,59.0,7
197,Baker Mayfield,TB,L 24-9  at DET,28,50,228,1,1,4,0,66.1,7
198,Drake Maye,NE,W 31-13  at TEN,21,23,222,2,0,4,0,135.9,7
199,Sam Darnold,SEA,W 27-19  vs. HOU,17,31,213,1,1,2,1,73.7,7
200,Matthew Stafford,LAR,W 35-7  at JAX,21,33,182,5,0,0,0,117.7,7
201,Jordan Love,GB,W 27-23  at ARI,19,29,179,1,0,1,0,93.9,7
202,Caleb Williams,CHI,W 26-14  vs. NO,15,26,172,0,1,1,0,61.7,7
203,Jayden Daniels,WSH,L 44-22  at DAL,12,22,156,1,0,2,1,92.2,7
204,Mac Jones,SF,W 20-10  vs. ATL,17,26,152,0,1,1,0,64.9,7
205,Bryce Young,CAR,W 13-6  at NYJ,15,25,138,1,0,1,0,88.4,7
206,Tyrod Taylor,NYJ,L 13-6  vs. CAR,10,22,126,0,2,3,0,25.9,7
207,Dillon Gabriel,CLE,W 31-6  vs. MIA,13,18,116,0,0,2,0,89.1,7
208,Tua Tagovailoa,MIA,L 31-6  at CLE,12,23,100,0,3,2,0,24.1,7
209,Geno Smith,LV,L 31-0  at KC,10,16,67,0,0,1,0,71.6,7
210,Jordan Love,GB,W 35-25  at PIT,29,37,360,3,0,0,0,134.2,8
211,C.J. Stroud,HOU,W 26-15  vs. SF,30,39,318,2,1,0,0,106.6,8
212,Patrick Mahomes,KC,W 28-7  vs. WSH,25,34,299,3,2,3,0,104.9,8
213,Caleb Williams,CHI,L 30-16  at BAL,25,38,285,0,1,1,0,77.2,8
214,Drake Maye,NE,W 32-13  vs. CLE,18,24,282,3,1,6,0,135.8,8
215,Daniel Jones,IND,W 38-14  vs. TEN,21,29,272,3,0,3,0,136.0,8
216,Cam Ward,TEN,L 38-14  at IND,22,38,259,1,1,4,0,76.5,8
217,Bo Nix,DEN,W 44-24  vs. DAL,19,29,247,4,1,0,0,117.4,8
218,Justin Fields,NYJ,W 39-38  at CIN,21,32,244,1,0,0,0,99.0,8
219,Justin Herbert,LAC,W 37-10  vs. MIN,18,25,227,3,1,2,0,122.8,8
220,Joe Flacco,CIN,L 39-38  vs. NYJ,21,34,223,2,0,1,0,100.5,8
221,Aaron Rodgers,PIT,L 35-25  vs. GB,24,36,219,2,0,3,0,101.5,8
222,Marcus Mariota,WSH,L 28-7  at KC,21,30,213,1,2,2,0,73.3,8
223,Tua Tagovailoa,MIA,W 34-10  at ATL,20,26,205,4,0,1,0,138.6,8
224,Jaxson Dart,NYG,L 38-20  at PHI,14,24,193,1,0,5,0,98.1,8
225,Mac Jones,SF,L 26-15  at HOU,19,32,193,2,1,2,0,84.5,8
226,Dak Prescott,DAL,L 44-24  at DEN,19,31,188,0,2,2,0,51.6,8
227,Tyler Huntley,BAL,W 30-16  vs. CHI,17,22,186,1,0,2,0,116.9,8
228,Jalen Hurts,PHI,W 38-20  vs. NYG,15,20,179,4,0,4,0,141.5,8
229,Andy Dalton,CAR,L 40-9  vs. BUF,16,24,175,0,1,7,2,70.7,8
230,Kirk Cousins,ATL,L 34-10  vs. MIA,21,31,173,0,0,1,0,81.8,8
231,Josh Allen,BUF,W 40-9  at CAR,12,19,163,1,0,2,0,108.0,8
232,Dillon Gabriel,CLE,L 32-13  at NE,21,35,156,2,2,1,0,65.9,8
233,Baker Mayfield,TB,W 23-3  at NO,15,24,152,0,0,3,1,80.6,8
234,Carson Wentz,MIN,L 37-10  at LAC,15,27,144,1,1,5,0,67.5,8
235,Spencer Rattler,NO,L 23-3  vs. TB,15,21,136,0,1,3,1,68.8,8
236,Tyler Shough,NO,L 23-3  vs. TB,17,30,128,0,1,2,0,53.2,8
237,Joe Milton III,DAL,L 44-24  at DEN,3,4,58,1,0,0,0,156.3,8
238,Mitchell Trubisky,BUF,W 40-9  at CAR,2,4,22,0,0,0,0,66.7,8
239,Max Brosmer,MIN,L 37-10  at LAC,3,4,13,0,0,0,0,78.1,8
240,Joe Flacco,CIN,L 47-42  vs. CHI,31,47,470,4,2,3,1,109.3,9
241,Daniel Jones,IND,L 27-20  at PIT,31,50,342,1,3,5,2,63.9,9
242,Sam Darnold,SEA,W 38-14  at WSH,21,24,330,4,1,0,0,141.0,9
243,Jared Goff,DET,L 27-24  vs. MIN,25,37,284,2,0,5,0,108.4,9
244,Geno Smith,LV,L 30-29  vs. JAX,29,39,284,4,1,2,0,117.9,9
245,Matthew Stafford,LAR,W 34-10  vs. NO,24,32,281,4,0,2,0,140.8,9
246,Caleb Williams,CHI,W 47-42  at CIN,20,34,280,3,0,2,0,114.8,9
247,Josh Allen,BUF,W 28-21  vs. KC,23,26,273,1,0,3,0,123.2,9
248,Jordan Love,GB,L 16-13  vs. CAR,26,37,273,0,1,1,0,80.1,9
249,Jacoby Brissett,ARI,W 27-17  at DAL,21,31,261,2,0,5,0,115.1,9
250,Tua Tagovailoa,MIA,L 28-6  vs. BAL,25,40,261,0,1,2,0,70.9,9
251,Drake Maye,NE,W 24-23  vs. ATL,19,29,259,2,1,6,1,102.5,9
252,Justin Herbert,LAC,W 27-20  at TEN,19,29,250,2,1,6,0,101.2,9
253,Patrick Mahomes,KC,L 28-21  at BUF,15,34,250,0,1,3,0,57.2,9
254,Dak Prescott,DAL,L 27-17  vs. ARI,24,39,250,1,1,5,0,78.0,9
255,Mac Jones,SF,W 34-24  at NYG,19,24,235,2,0,2,1,135.2,9
256,Michael Penix Jr.,ATL,L 24-23  at NE,22,37,221,3,0,1,0,103.5,9
257,Trevor Lawrence,JAX,W 30-29  at LV,23,34,220,0,1,1,0,73.2,9
258,Lamar Jackson,BAL,W 28-6  at MIA,18,23,204,4,0,2,0,143.2,9
259,Aaron Rodgers,PIT,W 27-20  vs. IND,25,35,203,1,0,3,0,95.3,9
260,Jaxson Dart,NYG,L 34-24  vs. SF,24,33,191,2,0,2,0,107.0,9
261,Tyler Shough,NO,L 34-10  at LAR,15,24,176,1,1,1,0,81.2,9
262,Bo Nix,DEN,W 18-15  at HOU,18,37,173,2,1,1,0,68.9,9
263,Jayden Daniels,WSH,L 38-14  vs. SEA,16,22,153,0,1,4,0,72.7,9
264,Cam Ward,TEN,L 27-20  vs. LAC,12,21,145,0,0,4,0,78.5,9
265,J.J. McCarthy,MIN,W 27-24  at DET,14,25,143,2,1,5,0,82.6,9
266,Davis Mills,HOU,L 18-15  vs. DEN,17,30,137,0,0,2,0,68.3,9
267,Bryce Young,CAR,W 16-13  at GB,11,20,102,0,1,1,0,48.3,9
268,C.J. Stroud,HOU,L 18-15  vs. DEN,6,10,79,0,0,2,0,85.0,9
269,Tyson Bagent,CHI,W 47-42  at CIN,1,1,20,0,0,0,0,118.8,9
270,Jared Goff,DET,W 44-22  at WSH,25,33,320,3,0,0,0,135.9,0
271,Mac Jones,SF,L 42-26  vs. LAR,33,39,319,3,1,0,0,115.7,0
272,Josh Allen,BUF,L 30-13  at MIA,28,40,306,2,1,3,1,98.5,0
273,Davis Mills,HOU,W 36-29  vs. JAX,27,45,292,2,1,2,0,84.7,0
274,Tyler Shough,NO,W 17-7  at CAR,19,27,282,2,0,2,0,128.9,0
275,Matthew Stafford,LAR,W 42-26  at SF,24,36,280,4,0,1,0,127.1,0
276,Baker Mayfield,TB,L 28-23  vs. NE,28,43,273,3,0,2,0,106.1,0
277,Drake Maye,NE,W 28-23  at TB,16,31,270,2,1,1,0,89.4,0
278,Jacoby Brissett,ARI,L 44-22  at SEA,22,44,258,2,0,5,2,83.3,0
279,Daniel Jones,IND,W 31-25  vs. ATL,19,26,255,1,1,7,1,100.6,0
280,J.J. McCarthy,MIN,L 27-19  vs. BAL,20,42,248,1,2,1,0,54.5,0
281,Jaxson Dart,NYG,L 24-20  at CHI,19,29,242,0,0,2,1,91.5,0
282,Justin Herbert,LAC,W 25-10  vs. PIT,20,33,220,1,0,5,0,90.5,0
283,Caleb Williams,CHI,W 24-20  vs. NYG,20,36,220,1,0,0,0,83.1,0
284,Marcus Mariota,WSH,L 44-22  vs. DET,16,22,213,2,0,2,0,133.3,0
285,Jalen Hurts,PHI,W 10-7  at GB,15,26,183,1,0,0,1,92.3,0
286,Sam Darnold,SEA,W 44-22  vs. ARI,10,12,178,1,1,1,2,111.8,0
287,Michael Penix Jr.,ATL,L 31-25  at IND,12,28,177,1,0,3,1,76.0,0
288,Lamar Jackson,BAL,W 27-19  at MIN,17,29,176,1,0,1,0,87.7,0
289,Jordan Love,GB,L 10-7  vs. PHI,20,36,176,0,0,3,1,68.8,0
290,Tua Tagovailoa,MIA,W 30-13  vs. BUF,15,21,173,2,2,0,0,88.1,0
291,Dillon Gabriel,CLE,L 27-20  at NYJ,17,32,167,2,0,6,0,88.9,0
292,Aaron Rodgers,PIT,L 25-10  at LAC,16,31,161,1,2,3,0,50.6,0
293,Trevor Lawrence,JAX,L 36-29  at HOU,13,23,158,1,1,5,1,74.2,0
294,Bo Nix,DEN,W 10-7  vs. LV,16,28,150,1,2,1,0,54.2,0
295,Geno Smith,LV,L 10-7  at DEN,16,26,143,0,1,6,0,60.2,0
296,Bryce Young,CAR,L 17-7  vs. NO,17,25,124,0,1,2,1,62.8,0
297,Justin Fields,NYJ,W 27-20  vs. CLE,6,11,54,1,1,3,0,60.4,0
298,Russell Wilson,NYG,L 24-20  at CHI,3,7,45,0,0,2,0,64.6,0
299,Taysom Hill,NO,W 17-7  at CAR,0,1,0,0,0,0,0,39.6,0
300,Jacoby Brissett,ARI,L 41-22  vs. SF,47,57,452,2,2,0,0,96.8,1
301,Bryce Young,CAR,W 30-27  at ATL,31,45,448,3,0,5,0,123.2,1
302,Josh Allen,BUF,W 44-32  vs. TB,19,30,317,3,2,0,0,104.4,1
303,Bo Nix,DEN,W 22-19  vs. KC,24,37,295,0,0,2,0,89.4,1
304,Drake Maye,NE,W 27-14  vs. NYJ,25,34,281,1,0,1,0,107.6,1
305,Sam Darnold,SEA,L 21-19  at LAR,29,44,279,0,4,0,0,45.6,1
306,Patrick Mahomes,KC,L 22-19  at DEN,29,45,276,1,1,3,0,79.5,1
307,Davis Mills,HOU,W 16-13  at TEN,26,41,274,1,0,4,0,90.9,1
308,Dak Prescott,DAL,W 33-16  at LV,25,33,268,4,0,1,1,138.6,1
309,Jared Goff,DET,L 16-9  at PHI,14,37,255,1,1,2,0,60.1,1
310,Geno Smith,LV,L 33-16  vs. DAL,27,42,238,1,1,4,0,77.3,1
311,Marcus Mariota,WSH,L 16-13  at MIA,20,30,213,1,1,1,0,84.5,1
312,Jameis Winston,NYG,L 27-20  vs. GB,19,29,201,0,1,2,1,71.2,1
313,Brock Purdy,SF,W 41-22  at ARI,19,26,200,3,0,1,0,133.5,1
314,Joe Flacco,CIN,L 34-12  at PIT,23,40,199,1,1,1,0,68.6,1
315,Cam Ward,TEN,L 16-13  vs. HOU,24,37,194,1,0,3,1,87.0,1
316,Lamar Jackson,BAL,W 23-16  at CLE,14,25,193,0,2,5,0,47.6,1
317,Caleb Williams,CHI,W 19-17  at MIN,16,32,193,0,0,2,0,68.9,1
318,Michael Penix Jr.,ATL,L 30-27  vs. CAR,13,16,175,0,0,0,0,112.2,1
319,Jordan Love,GB,W 27-20  at NYG,13,24,174,2,0,2,0,105.2,1
320,Baker Mayfield,TB,L 44-32  at BUF,16,28,173,1,1,1,1,72.5,1
321,Tua Tagovailoa,MIA,W 16-13  vs. WSH,14,20,171,0,0,3,0,96.0,1
322,Trevor Lawrence,JAX,W 35-6  vs. LAC,14,22,153,1,1,0,0,80.3,1
323,J.J. McCarthy,MIN,L 19-17  vs. CHI,16,32,150,1,2,0,0,47.7,1
324,Jalen Hurts,PHI,W 16-9  vs. DET,14,28,135,0,0,1,0,63.8,1
325,Matthew Stafford,LAR,W 21-19  vs. SEA,15,28,130,2,0,0,0,89.9,1
326,Mason Rudolph,PIT,W 34-12  vs. CIN,12,16,127,1,0,0,0,118.5,1
327,Aaron Rodgers,PIT,W 34-12  vs. CIN,9,15,116,1,0,1,0,106.5,1
328,Justin Fields,NYJ,L 27-14  at NE,15,26,116,1,0,2,1,81.6,1
329,Justin Herbert,LAC,L 35-6  at JAX,10,18,81,0,1,2,0,44.0,1
330,Jameis Winston,NYG,L 34-27  at DET,18,36,366,2,1,1,0,93.0,2
331,Dak Prescott,DAL,W 24-21  vs. PHI,23,36,354,2,1,1,0,103.2,2
332,Patrick Mahomes,KC,W 23-20  vs. IND,29,46,352,0,1,4,0,77.5,2
333,Jacoby Brissett,ARI,L 27-24  vs. JAX,33,49,317,1,0,6,0,92.0,2
334,Drake Maye,NE,W 26-20  at CIN,22,35,294,1,1,1,0,87.1,2
335,Jalen Hurts,PHI,L 24-21  at DAL,27,39,289,1,0,1,0,99.2,2
336,Geno Smith,LV,L 24-10  vs. CLE,30,44,285,1,0,10,1,93.5,2
337,Jared Goff,DET,W 34-27  vs. NYG,28,42,279,2,1,3,0,91.3,2
338,Matthew Stafford,LAR,W 34-7  vs. TB,25,35,273,3,0,1,0,122.7,2
339,Trevor Lawrence,JAX,W 27-24  at ARI,18,30,256,3,3,3,1,81.4,2
340,Cam Ward,TEN,L 30-24  vs. SEA,28,42,256,1,0,4,0,91.0,2
341,Josh Allen,BUF,L 23-19  at HOU,24,34,253,0,2,8,0,67.4,2
342,Sam Darnold,SEA,W 30-24  at TEN,16,26,244,2,0,1,0,118.1,2
343,Tyler Shough,NO,L 24-10  vs. ATL,30,43,243,0,1,5,1,74.1,2
344,Caleb Williams,CHI,W 31-28  vs. PIT,19,35,239,3,0,1,1,104.4,2
345,Tyrod Taylor,NYJ,L 23-10  at BAL,17,28,222,1,1,3,0,82.7,2
346,Shedeur Sanders,CLE,W 24-10  at LV,11,20,209,1,1,1,0,87.3,2
347,Kirk Cousins,ATL,W 24-10  at NO,16,23,199,2,1,3,0,107.0,2
348,Brock Purdy,SF,W 20-9  vs. CAR,23,32,193,1,3,0,0,58.4,2
349,Joe Flacco,CIN,L 26-20  vs. NE,19,37,183,1,1,1,0,63.2,2
350,Daniel Jones,IND,L 23-20  at KC,19,31,181,2,0,0,0,99.0,2
351,Mason Rudolph,PIT,L 31-28  at CHI,24,31,171,1,1,2,1,86.9,2
352,Bryce Young,CAR,L 20-9  at SF,18,29,169,1,2,1,0,60.8,2
353,Lamar Jackson,BAL,W 23-10  vs. NYJ,13,23,153,0,0,1,0,76.9,2
354,Davis Mills,HOU,W 23-19  vs. BUF,16,30,153,2,0,0,0,90.0,2
355,Jordan Love,GB,W 23-6  vs. MIN,14,21,139,0,0,1,0,85.2,2
356,J.J. McCarthy,MIN,L 23-6  at GB,12,19,87,0,2,5,0,34.2,2
357,Teddy Bridgewater,TB,L 34-7  at LAR,8,15,62,0,0,2,0,63.7,2
358,Baker Mayfield,TB,L 34-7  at LAR,9,19,41,1,2,2,0,32.0,2
359,Gunner Olszewski,NYG,L 34-27  at DET,1,1,33,1,0,0,0,158.3,2
360,Bo Nix,DEN,W 27-26  at WSH,29,45,321,1,1,1,0,83.7,3
361,Dak Prescott,DAL,W 31-28  vs. KC,27,39,320,2,1,0,0,100.4,3
362,Jacoby Brissett,ARI,L 20-17  at TB,29,40,301,2,1,2,0,100.1,3
363,Marcus Mariota,WSH,L 27-26  vs. DEN,28,50,294,2,1,2,0,78.3,3
364,Drake Maye,NE,W 33-15  vs. NYG,24,31,282,2,0,3,0,126.0,3
365,C.J. Stroud,HOU,W 20-16  at IND,22,35,276,0,1,2,0,75.4,3
366,Patrick Mahomes,KC,L 31-28  at DAL,23,34,261,4,0,3,0,129.7,3
367,Joe Burrow,CIN,W 32-14  at BAL,24,46,261,2,0,1,0,83.7,3
368,Jared Goff,DET,L 31-24  vs. GB,20,26,256,2,0,3,0,132.8,3
369,Lamar Jackson,BAL,L 32-14  vs. CIN,17,32,246,0,1,3,2,65.4,3
370,Matthew Stafford,LAR,L 31-28  at CAR,18,28,243,2,2,2,1,85.9,3
371,Tyler Shough,NO,L 21-17  at MIA,26,38,239,2,1,4,1,91.9,3
372,Jordan Love,GB,W 31-24  at DET,18,30,234,4,0,0,0,124.2,3
373,Kirk Cousins,ATL,L 27-24  at NYJ,21,33,234,1,0,2,0,94.8,3
374,Jalen Hurts,PHI,L 24-15  vs. CHI,19,34,230,2,1,0,1,84.2,3
375,Trevor Lawrence,JAX,W 25-3  at TEN,16,27,229,2,0,3,0,111.5,3
376,Bryce Young,CAR,W 31-28  vs. LAR,15,20,206,3,0,2,0,147.1,3
377,Daniel Jones,IND,L 20-16  vs. HOU,14,27,201,2,0,1,0,101.0,3
378,Baker Mayfield,TB,W 20-17  vs. ARI,18,28,194,1,0,2,0,96.4,3
379,Tyrod Taylor,NYJ,W 27-24  vs. ATL,19,33,172,1,0,2,0,81.9,3
380,Brock Purdy,SF,W 26-8  at CLE,16,29,168,1,0,1,0,83.7,3
381,Geno Smith,LV,L 31-14  at LAC,18,23,165,2,1,5,0,107.4,3
382,Tua Tagovailoa,MIA,W 21-17  vs. NO,12,23,157,0,1,4,0,55.9,3
383,Caleb Williams,CHI,W 24-15  at PHI,17,36,154,1,1,2,0,56.9,3
384,Justin Herbert,LAC,W 31-14  vs. LV,15,20,151,2,1,3,0,108.5,3
385,Shedeur Sanders,CLE,L 26-8  vs. SF,16,25,149,1,0,3,0,93.6,3
386,Cam Ward,TEN,L 25-3  vs. JAX,24,38,141,0,0,3,0,70.2,3
387,Jaxson Dart,NYG,L 33-15  at NE,17,24,139,1,0,2,0,99.1,3
388,Sam Darnold,SEA,W 26-0  vs. MIN,14,26,128,0,0,4,1,67.5,3
389,Max Brosmer,MIN,L 26-0  at SEA,19,30,126,0,4,4,0,32.8,3
390,Dak Prescott,DAL,L 44-30  at DET,31,47,376,1,2,5,0,79.7,4
391,Shedeur Sanders,CLE,L 31-29  vs. TEN,23,42,364,3,1,2,0,97.7,4
392,Jared Goff,DET,W 44-30  vs. DAL,25,34,309,1,0,1,0,111.0,4
393,Aaron Rodgers,PIT,W 27-22  at BAL,23,34,284,1,0,0,0,103.1,4
394,Joe Burrow,CIN,L 39-34  at BUF,25,36,284,4,2,1,0,106.7,4
395,Matthew Stafford,LAR,W 45-17  at ARI,22,31,281,3,0,0,0,131.3,4
396,Jacoby Brissett,ARI,L 45-17  vs. LAR,25,44,271,2,1,3,0,80.8,4
397,Josh Allen,BUF,W 39-34  vs. CIN,22,28,251,3,0,3,0,139.7,4
398,Sam Darnold,SEA,W 37-9  at ATL,20,30,249,3,1,2,0,111.7,4
399,Trevor Lawrence,JAX,W 36-19  vs. IND,17,30,244,2,0,0,0,105.4,4
400,Jalen Hurts,PHI,L 22-19  at LAC,21,40,240,0,4,1,1,31.3,4
401,Jordan Love,GB,W 28-21  vs. CHI,17,25,234,3,1,1,0,120.7,4
402,Lamar Jackson,BAL,L 27-22  vs. PIT,19,35,219,1,1,2,0,71.0,4
403,Bo Nix,DEN,W 24-17  at LV,31,38,212,0,0,3,0,89.9,4
404,C.J. Stroud,HOU,W 20-10  at KC,15,31,203,1,0,3,0,80.4,4
405,Caleb Williams,CHI,L 28-21  at GB,19,35,186,2,1,1,0,76.6,4
406,J.J. McCarthy,MIN,W 31-0  vs. WSH,16,23,163,3,0,4,0,129.2,4
407,Brady Cook,NYJ,L 34-10  vs. MIA,14,30,163,0,2,6,0,35.8,4
408,Kirk Cousins,ATL,L 37-9  vs. SEA,15,30,162,0,2,1,0,38.5,4
409,Patrick Mahomes,KC,L 20-10  vs. HOU,14,33,160,0,3,2,0,19.8,4
410,Riley Leonard,IND,L 36-19  at JAX,18,29,145,0,1,1,0,60.3,4
411,Tyler Shough,NO,W 24-20  at TB,13,20,144,0,1,3,0,65.4,4
412,Justin Herbert,LAC,W 22-19  vs. PHI,12,26,139,1,1,7,1,59.6,4
413,Tua Tagovailoa,MIA,W 34-10  at NYJ,13,21,127,1,0,1,0,94.7,4
414,Baker Mayfield,TB,L 24-20  vs. NO,14,30,122,1,1,0,0,55.2,4
415,Cam Ward,TEN,W 31-29  at CLE,14,28,117,2,1,1,0,70.1,4
416,Geno Smith,LV,L 24-17  vs. DEN,13,21,116,1,0,3,0,92.6,4
417,Kenny Pickett,LV,L 24-17  vs. DEN,8,11,97,1,0,1,0,129.7,4
418,Jayden Daniels,WSH,L 31-0  at MIN,9,20,78,0,1,1,0,35.0,4
419,Daniel Jones,IND,L 36-19  at JAX,5,7,60,0,1,0,0,57.7,4
420,Kirk Cousins,ATL,W 29-28  at TB,30,44,373,3,0,1,0,116.9,5
421,Matthew Stafford,LAR,W 41-34  vs. DET,24,38,368,2,1,2,0,101.7,5
422,Jared Goff,DET,L 41-34  at LAR,25,41,338,3,0,1,0,111.6,5
423,Trevor Lawrence,JAX,W 48-20  vs. NYJ,20,32,330,5,0,0,0,136.7,5
424,Bo Nix,DEN,W 34-26  vs. GB,23,34,302,4,0,0,0,134.7,5
425,Brock Purdy,SF,W 37-24  vs. TEN,23,30,295,3,0,2,1,140.3,5
426,Dak Prescott,DAL,L 34-26  vs. MIN,23,38,294,0,0,2,0,84.8,5
427,Baker Mayfield,TB,L 29-28  vs. ATL,19,34,277,2,1,5,0,90.0,5
428,Jordan Love,GB,L 34-26  at DEN,24,40,276,1,2,3,0,68.3,5
429,Tyler Shough,NO,W 20-17  vs. CAR,24,32,272,1,0,5,0,110.4,5
430,Sam Darnold,SEA,W 18-16  vs. IND,22,36,271,0,0,1,0,84.4,5
431,C.J. Stroud,HOU,W 40-20  vs. ARI,22,29,260,3,0,1,0,137.1,5
432,J.J. McCarthy,MIN,W 34-26  at DAL,15,24,250,2,1,0,0,108.0,5
433,Jacoby Brissett,ARI,L 40-20  at HOU,27,40,249,3,1,2,0,98.9,5
434,Jaxson Dart,NYG,L 29-21  vs. WSH,20,36,246,2,1,1,0,83.8,5
435,Caleb Williams,CHI,W 31-3  vs. CLE,17,28,242,2,0,3,0,112.5,5
436,Joe Burrow,CIN,L 24-0  vs. BAL,25,39,225,0,2,3,0,58.2,5
437,Aaron Rodgers,PIT, vs. MIA,23,27,224,2,0,3,0,125.9,5
438,Tua Tagovailoa,MIA, at PIT,19,24,219,2,1,4,0,115.1,5
439,Marcus Mariota,WSH,W 29-21  at NYG,10,19,211,1,0,2,1,109.8,5
440,Justin Herbert,LAC,W 16-13  at KC,19,29,210,1,1,4,0,84.0,5
441,Josh Allen,BUF,W 35-31  at NE,19,28,193,3,0,2,0,123.1,5
442,Patrick Mahomes,KC,L 16-13  vs. LAC,16,28,189,0,1,5,0,62.9,5
443,Shedeur Sanders,CLE,L 31-3  at CHI,18,35,177,0,3,5,0,30.3,5
444,Brady Cook,NYJ,L 48-20  at JAX,22,33,176,1,3,3,0,52.1,5
445,Jalen Hurts,PHI,W 31-0  vs. LV,12,15,175,3,0,1,0,154.9,5
446,Cam Ward,TEN,L 37-24  at SF,18,29,170,2,0,0,0,101.2,5
447,Bryce Young,CAR,L 20-17  at NO,15,24,163,1,0,1,0,96.4,5
448,Drake Maye,NE,L 35-31  vs. BUF,14,23,155,0,1,3,0,62.8,5
449,Lamar Jackson,BAL,W 24-0  at CIN,8,12,150,2,1,4,0,114.6,5
